-- MySQL dump 10.13  Distrib 8.0.37, for Linux (x86_64)
--
-- Host: localhost    Database: forum
-- ------------------------------------------------------
-- Server version	8.0.37-0ubuntu0.22.04.3

/*!40101 SET @OLD_CHARACTER_SET_CLIENT=@@CHARACTER_SET_CLIENT */;
/*!40101 SET @OLD_CHARACTER_SET_RESULTS=@@CHARACTER_SET_RESULTS */;
/*!40101 SET @OLD_COLLATION_CONNECTION=@@COLLATION_CONNECTION */;
/*!50503 SET NAMES utf8mb4 */;
/*!40103 SET @OLD_TIME_ZONE=@@TIME_ZONE */;
/*!40103 SET TIME_ZONE='+00:00' */;
/*!40014 SET @OLD_UNIQUE_CHECKS=@@UNIQUE_CHECKS, UNIQUE_CHECKS=0 */;
/*!40014 SET @OLD_FOREIGN_KEY_CHECKS=@@FOREIGN_KEY_CHECKS, FOREIGN_KEY_CHECKS=0 */;
/*!40101 SET @OLD_SQL_MODE=@@SQL_MODE, SQL_MODE='NO_AUTO_VALUE_ON_ZERO' */;
/*!40111 SET @OLD_SQL_NOTES=@@SQL_NOTES, SQL_NOTES=0 */;

--
-- Table structure for table `Comment_Reactions`
--

DROP TABLE IF EXISTS `Comment_Reactions`;
/*!40101 SET @saved_cs_client     = @@character_set_client */;
/*!50503 SET character_set_client = utf8mb4 */;
CREATE TABLE `Comment_Reactions` (
  `id` int NOT NULL AUTO_INCREMENT,
  `comment_id` int NOT NULL,
  `user_id` int NOT NULL,
  `type` enum('like','love','haha') NOT NULL,
  `created_at` timestamp NULL DEFAULT CURRENT_TIMESTAMP,
  `reaction_type` enum('like','love','haha') NOT NULL,
  PRIMARY KEY (`id`),
  UNIQUE KEY `comment_id` (`comment_id`,`user_id`),
  KEY `user_id` (`user_id`),
  CONSTRAINT `Comment_Reactions_ibfk_1` FOREIGN KEY (`comment_id`) REFERENCES `Comments` (`id`) ON DELETE CASCADE,
  CONSTRAINT `Comment_Reactions_ibfk_2` FOREIGN KEY (`user_id`) REFERENCES `Users` (`id`) ON DELETE CASCADE
) ENGINE=InnoDB AUTO_INCREMENT=17 DEFAULT CHARSET=utf8mb4 COLLATE=utf8mb4_0900_ai_ci;
/*!40101 SET character_set_client = @saved_cs_client */;

--
-- Dumping data for table `Comment_Reactions`
--

LOCK TABLES `Comment_Reactions` WRITE;
/*!40000 ALTER TABLE `Comment_Reactions` DISABLE KEYS */;
INSERT INTO `Comment_Reactions` VALUES (12,21,1,'like','2024-10-01 08:06:28','haha'),(13,23,3,'like','2024-10-01 08:19:49','haha'),(14,22,3,'like','2024-10-01 08:20:02','like'),(15,23,1,'like','2024-10-01 18:34:23','haha'),(16,23,7,'like','2024-10-01 20:05:03','love');
/*!40000 ALTER TABLE `Comment_Reactions` ENABLE KEYS */;
UNLOCK TABLES;

--
-- Table structure for table `Comments`
--

DROP TABLE IF EXISTS `Comments`;
/*!40101 SET @saved_cs_client     = @@character_set_client */;
/*!50503 SET character_set_client = utf8mb4 */;
CREATE TABLE `Comments` (
  `id` int NOT NULL AUTO_INCREMENT,
  `post_id` int NOT NULL,
  `user_id` int NOT NULL,
  `content` text NOT NULL,
  `created_at` timestamp NULL DEFAULT CURRENT_TIMESTAMP,
  `likes` int DEFAULT '0',
  `loves` int DEFAULT '0',
  `hahas` int DEFAULT '0',
  PRIMARY KEY (`id`),
  KEY `post_id` (`post_id`),
  KEY `user_id` (`user_id`),
  CONSTRAINT `Comments_ibfk_1` FOREIGN KEY (`post_id`) REFERENCES `Posts` (`id`) ON DELETE CASCADE,
  CONSTRAINT `Comments_ibfk_2` FOREIGN KEY (`user_id`) REFERENCES `Users` (`id`) ON DELETE CASCADE
) ENGINE=InnoDB AUTO_INCREMENT=27 DEFAULT CHARSET=utf8mb4 COLLATE=utf8mb4_0900_ai_ci;
/*!40101 SET character_set_client = @saved_cs_client */;

--
-- Dumping data for table `Comments`
--

LOCK TABLES `Comments` WRITE;
/*!40000 ALTER TABLE `Comments` DISABLE KEYS */;
INSERT INTO `Comments` VALUES (21,7,1,'salut','2024-10-01 08:06:25',0,0,0),(22,7,1,'ohay','2024-10-01 08:11:45',0,0,0),(23,7,3,'yo','2024-10-01 08:12:45',0,0,0),(26,5,1,'hello','2024-10-02 05:40:47',0,0,0);
/*!40000 ALTER TABLE `Comments` ENABLE KEYS */;
UNLOCK TABLES;

--
-- Table structure for table `Posts`
--

DROP TABLE IF EXISTS `Posts`;
/*!40101 SET @saved_cs_client     = @@character_set_client */;
/*!50503 SET character_set_client = utf8mb4 */;
CREATE TABLE `Posts` (
  `id` int NOT NULL AUTO_INCREMENT,
  `user_id` int NOT NULL,
  `content` text NOT NULL,
  `image_url` varchar(255) DEFAULT NULL,
  `created_at` timestamp NULL DEFAULT CURRENT_TIMESTAMP,
  PRIMARY KEY (`id`),
  KEY `user_id` (`user_id`),
  CONSTRAINT `Posts_ibfk_1` FOREIGN KEY (`user_id`) REFERENCES `Users` (`id`) ON DELETE CASCADE
) ENGINE=InnoDB AUTO_INCREMENT=10 DEFAULT CHARSET=utf8mb4 COLLATE=utf8mb4_0900_ai_ci;
/*!40101 SET character_set_client = @saved_cs_client */;

--
-- Dumping data for table `Posts`
--

LOCK TABLES `Posts` WRITE;
/*!40000 ALTER TABLE `Posts` DISABLE KEYS */;
INSERT INTO `Posts` VALUES (5,1,'Bonjour','','2024-10-01 04:09:58'),(7,1,'hey','','2024-10-01 08:06:15');
/*!40000 ALTER TABLE `Posts` ENABLE KEYS */;
UNLOCK TABLES;

--
-- Table structure for table `Reactions`
--

DROP TABLE IF EXISTS `Reactions`;
/*!40101 SET @saved_cs_client     = @@character_set_client */;
/*!50503 SET character_set_client = utf8mb4 */;
CREATE TABLE `Reactions` (
  `id` int NOT NULL AUTO_INCREMENT,
  `post_id` int NOT NULL,
  `user_id` int NOT NULL,
  `type` enum('like','love','haha') NOT NULL,
  PRIMARY KEY (`id`),
  UNIQUE KEY `post_id` (`post_id`,`user_id`),
  KEY `user_id` (`user_id`),
  CONSTRAINT `Reactions_ibfk_1` FOREIGN KEY (`post_id`) REFERENCES `Posts` (`id`) ON DELETE CASCADE,
  CONSTRAINT `Reactions_ibfk_2` FOREIGN KEY (`user_id`) REFERENCES `Users` (`id`) ON DELETE CASCADE
) ENGINE=InnoDB AUTO_INCREMENT=13 DEFAULT CHARSET=utf8mb4 COLLATE=utf8mb4_0900_ai_ci;
/*!40101 SET character_set_client = @saved_cs_client */;

--
-- Dumping data for table `Reactions`
--

LOCK TABLES `Reactions` WRITE;
/*!40000 ALTER TABLE `Reactions` DISABLE KEYS */;
INSERT INTO `Reactions` VALUES (8,7,1,'haha'),(9,7,3,'love'),(10,5,7,'haha'),(12,7,7,'love');
/*!40000 ALTER TABLE `Reactions` ENABLE KEYS */;
UNLOCK TABLES;

--
-- Table structure for table `Users`
--

DROP TABLE IF EXISTS `Users`;
/*!40101 SET @saved_cs_client     = @@character_set_client */;
/*!50503 SET character_set_client = utf8mb4 */;
CREATE TABLE `Users` (
  `id` int NOT NULL AUTO_INCREMENT,
  `username` varchar(50) NOT NULL,
  `password` varchar(255) NOT NULL,
  `email` varchar(100) NOT NULL,
  PRIMARY KEY (`id`)
) ENGINE=InnoDB AUTO_INCREMENT=8 DEFAULT CHARSET=utf8mb4 COLLATE=utf8mb4_0900_ai_ci;
/*!40101 SET character_set_client = @saved_cs_client */;

--
-- Dumping data for table `Users`
--
LOCK TABLES Users WRITE;
/*!40000 ALTER TABLE Users DISABLE KEYS */;
INSERT INTO Users (username, email, password)
VALUES 
('Miora', 'miora@gmail.com', MD5('miora1234')),
('Randria', 'randria@gmail.com', MD5('randria1234'));
/*!40000 ALTER TABLE Users ENABLE KEYS */;
UNLOCK TABLES;

/*!40103 SET TIME_ZONE=@OLD_TIME_ZONE */;

/*!40101 SET SQL_MODE=@OLD_SQL_MODE */;
/*!40014 SET FOREIGN_KEY_CHECKS=@OLD_FOREIGN_KEY_CHECKS */;
/*!40014 SET UNIQUE_CHECKS=@OLD_UNIQUE_CHECKS */;
/*!40101 SET CHARACTER_SET_CLIENT=@OLD_CHARACTER_SET_CLIENT */;
/*!40101 SET CHARACTER_SET_RESULTS=@OLD_CHARACTER_SET_RESULTS */;
/*!40101 SET COLLATION_CONNECTION=@OLD_COLLATION_CONNECTION */;
/*!40111 SET SQL_NOTES=@OLD_SQL_NOTES */;

-- Dump completed on 2024-10-02  9:39:40
